timestamp,actual_TCP_force_0,actual_TCP_force_1,actual_TCP_force_2,actual_TCP_force_3,actual_TCP_force_4,actual_TCP_force_5,tcp_force_scalar
503.952,0.3352133890355655,-0.4949932573497327,-0.9549465800387983,0.011372173326296276,0.010453039413593573,0.006222364154608945,1.1266362819198594
503.972,0.9324010463136256,-0.32875782406887105,-0.7799520727126134,0.007758535520589171,0.02748938086425635,0.0016957777713391242,1.2592770361528651
503.99199999999996,1.1618642037393314,-0.3404372426695331,-0.7795140225368282,0.007498099740421385,0.027088558797380986,-0.007236184308024276,1.4399541851943805
504.012,0.9020029930885426,-0.5221544956021329,-0.9347013378653943,0.01265159092242992,0.023671981676869625,0.00228171426909933,1.3999718953698912
504.032,0.8802223592078436,-0.5535946120751528,-0.8853124275685845,0.014304753144823974,0.024122536104216184,-0.006004137024512799,1.3656633884583131
504.05199999999996,1.1448962841570356,-0.1665002936309439,-0.7557469984672109,0.003671024064208733,0.027955910694825326,-0.0002817630059558907,1.3819057040724512
504.072,0.9016070212325523,-0.3185898463732321,-0.9780450502338323,0.007727048430763962,0.024032438406981306,0.0025706707574077907,1.367832895947036
504.092,0.5860858663239937,-0.392564045916876,-0.9280288089959217,0.01207861722725889,0.017960692788828843,0.004484921652497526,1.165693202853033
504.11199999999997,0.7595467977681869,-0.2540312741525612,-0.8846366359327745,0.007931649907313579,0.020883621979354026,-0.0038674375522577626,1.1933252716179008
504.132,0.7276137724577908,-0.34307143383416533,-0.9719073774072886,0.01021194375493944,0.01825305734244807,0.002026352102096164,1.261635351772453
504.152,1.0689719979341594,-0.4033764786259752,-0.865713239913327,0.008714072000054135,0.02823871214125607,-0.0032411337821531125,1.4334828668795696
504.17199999999997,0.7686663031944905,-0.3307805019499408,-0.8162910931586683,0.00612146390016957,0.01889729902117315,0.004061218396968216,1.1690144459787966
504.19199999999995,0.3991259079416054,-0.6563138230683123,-0.9022455881621021,0.013872363426222119,0.013187603547003785,0.0037917350394961915,1.1849457481668653
504.23199999999997,0.9731647558688269,-0.6244535746029531,-0.9119620192823554,0.01607006291834347,0.023759124346657202,-0.0005113988840944716,1.472639342647476
504.272,0.8676170121246987,-0.5425237471734943,-0.7208305194305127,0.015842995848370785,0.024867633224942187,-7.669856484066512e-05,1.251674052506411
504.292,0.923437521365125,-0.475865363146875,-0.9709300734197237,0.013249760103125138,0.026040524387002738,-0.0022102986265495556,1.4219317519412467
504.31199999999995,0.4036955698326514,-0.7176554364575236,-0.7945823725570724,0.013308059681913894,0.016302499626806032,0.0011009627533945078,1.1442729505489386
504.352,0.381837219285247,-0.5971998479369208,-0.8695575578617822,0.01181120755428278,0.010265642028958754,0.0030699476238077606,1.1218634795918432
504.392,0.7782329568403932,-0.7430868132149198,-0.9135335553300666,0.013177445153295143,0.025322812798438846,0.0037594397738126696,1.4115127005452124
504.412,0.8500988646477705,-0.5489267641562977,-0.954209635447799,0.01248811155633199,0.027113209226120483,0.005071768800079935,1.3908647311884623
504.452,0.659522457414916,-0.3897394114655731,-1.0231891027942521,0.01435279062443529,0.01767699180902376,0.0008762391378084386,1.2781950636585355
504.472,0.9083186525860555,-0.3175797408967128,-1.0639069447243459,0.005203400336286962,0.027413003151877446,-0.0032030514646326073,1.4345025805123053
504.512,0.7342917431300455,-0.6814014353205392,-0.7443968015195991,0.01376993759713462,0.017385575970534903,0.0021938414203621407,1.2480460240706113
504.532,0.5193703923725854,-0.6695837853141554,-0.9894997138757675,0.014161222627571668,0.013209819442561273,0.002722283105104294,1.3027654177898307
504.572,1.1277480678121286,-0.4339986384715191,-1.0066507548103054,0.01320982758632087,0.028265455208308626,-0.0009257774586631436,1.5727416395610816
504.61199999999997,0.35944611224341194,-0.38348828418970404,-0.8459335890361621,0.013120830665719431,0.01140504570453952,0.004929124479311792,0.9959259052646784
504.632,0.5519247393782561,-0.6214667408641121,-0.8038451013366197,0.013925435729404037,0.01397605355613644,0.0064227239837123945,1.1562909559798944
504.67199999999997,0.7473368857755536,-0.577240303910377,-0.8716002238534203,0.008934552092658817,0.020214009203547042,-0.0002636557887359305,1.2850703247373583
504.712,0.7709605735693066,-0.31362998866163255,-0.9194555287411387,0.005461726738925481,0.0166433888346338,-0.000345115586501673,1.2402187085828276
504.75199999999995,1.0041500618307657,-0.40127623177529276,-0.9814107389456486,0.01498688993326773,0.026036392596297957,-0.0027852907190830077,1.4603105831912446
504.772,0.7887972473201613,-0.45448550983973557,-0.8970242924047127,0.013246850422124059,0.02119412912132697,-0.004775524389729098,1.2780495910559666
504.81199999999995,0.7745675750902945,-0.5420340814515912,-0.9781372046840232,0.012632372436374547,0.016051835919246388,0.0013908133731377569,1.3603338799807214
504.852,0.7169606608566977,-0.38293495820157497,-0.8416092609399284,0.006829703448524412,0.018774149241280482,-0.0021620533106195107,1.1700332984700765
504.892,1.0416008245502804,-0.32558828491398983,-0.9573012931301562,0.009552459936811725,0.024931943489360352,-0.0044570015099015085,1.4516768837471123
504.912,0.722757580443008,-0.24308293163900777,-1.0211453879478043,0.008315873914072234,0.020536231508797274,-0.0026859659466804725,1.2744433039837895
504.952,0.9664825007520101,-0.3318088079624206,-1.0730556941305711,0.005760349838977439,0.020438737852545148,0.001801417343690113,1.4817671989915768
504.972,1.0408910018820883,-0.4600697231187359,-0.8244259667034299,0.007833325696599244,0.026629256206512197,-0.0049906228650265175,1.4052744936504515
505.012,1.105668810166734,-0.5374098375357055,-0.7726177850070506,0.008578539457913372,0.02807169116681435,-0.005570565306604855,1.451981781209694
505.05199999999996,0.8378719920270742,-0.5143343516778668,-0.9650925021578068,0.012716885481185361,0.022442289207128364,-0.002107050465193508,1.3776693500475814
505.072,0.9223572356951459,-0.25424191649493766,-0.9455316420081392,0.00852850333263913,0.024021276603780974,0.0004248596315483519,1.3451438244220644
505.11199999999997,0.859401119619244,-0.40278248498608393,-0.9135726394977662,0.013677248821886775,0.02284628128557653,0.0010165247333888507,1.3173530211197342
505.152,0.8908669414732704,-0.16946876087149793,-0.8432485345893487,0.0007589319311964403,0.016986623647936322,-0.0011785373145094505,1.2383180768317743
505.17199999999997,0.8191302398376551,-0.40205349718636935,-0.8250952991838306,0.006052592167467979,0.021041363898186578,0.007147237970890711,1.2302047053850589
505.19199999999995,0.9004302829154288,-0.613874556892329,-0.6927181635751566,0.013103121448492166,0.02434822604099614,-0.0012946037253734905,1.2913075234574645
505.23199999999997,0.5542063681022351,-0.3991433470510462,-0.8971718097782457,0.011212230042569096,0.016076051835345103,-0.0010788555521290728,1.1275537087877254
505.272,0.7390161425015801,-0.6103141148238859,-0.9438850569096928,0.016098884181983776,0.020104038908516857,0.0005584759989486678,1.3451941043167686
505.31199999999995,0.5642409272751483,-0.4444388524415725,-0.81566146845438,0.005712194706124101,0.01449590747790868,0.0001390788989799669,1.08682903379191
505.332,1.067848799010469,-0.47311284464441083,-0.717816551003345,0.01057489031473245,0.024131244732111,0.00020721531113465457,1.3709111649592636
505.352,0.5163936853293478,-0.5451761705697415,-0.7704866215705916,0.014976880715353098,0.017518913290728366,0.008849920487129563,1.0758852769809508
505.392,0.7674660504500835,-0.20586425297430963,-0.8750861024561889,0.0066157381173236164,0.01864255675489688,0.005145095532957811,1.1820151927780305
505.43199999999996,0.8387969397394948,-0.47408926101451926,-0.9144987344018223,0.010877540326153779,0.023895683664878972,0.0027987428629303772,1.3284008689955638
505.452,0.6306860458340948,-0.5468895146321663,-0.7476469693202089,0.009687170082360353,0.016551129754012416,0.004122480592954333,1.1206377739297144
505.49199999999996,1.2132393544074789,-0.40636469684668836,-0.7582442443131032,0.005629057710706991,0.03332869291571061,0.001085959427952879,1.4872848859449646
505.512,0.6375746590299421,-0.7072160215453472,-0.581044600425657,0.014705607868615345,0.020104525884226992,0.0025141557201510106,1.115467962180621
505.572,0.7694752230025056,-0.5811323144338848,-0.6521208744908346,0.015719056428929692,0.022687080568413523,0.0012141576725198681,1.164074104445559
505.592,0.600156092095328,-0.39926483326156287,-1.0206835454776797,0.00808058481682892,0.0178897149000428,0.0051233656414054075,1.2495577785630427
505.632,0.7465660446803176,-0.7265695887270431,-0.6534920327772976,0.01523490229461462,0.021556593175172417,0.0011814827146191967,1.2297626044224972
505.652,0.3255334324961933,-0.4183941277920109,-0.7784314847935945,0.008160014854347968,0.009992344979106308,0.006676070530642628,0.9417968137350812
505.69199999999995,0.3661874013860238,-0.48637376031784185,-0.6407093407986746,0.010566289965843273,0.012409265180380187,0.0017676994337487589,0.8838331896043724
505.712,0.7192313870711784,-0.6660245041755548,-0.9363844101781538,0.01634183571320901,0.02101083699415563,-0.002326212526649113,1.3556172733981056
505.75199999999995,0.8549904435209189,-0.25199346439155995,-0.7150078664385876,0.003612592630818077,0.02621370557525995,0.007495018854900557,1.14269226551912
505.772,0.6986964431916609,-0.6433140079747697,-0.7587327133003903,0.016271063214268022,0.018828630772025495,0.011056960584670933,1.215608885627862
505.81199999999995,0.5293382978841911,-0.6140132297900257,-0.8137312650591931,0.013392567541580157,0.013061100332356535,0.009481209058951097,1.148638259722767
505.852,0.7825338146370783,-0.4515315617401161,-0.7598999422087906,0.013853285130678659,0.023395801834850218,0.0008182983672845566,1.1805455706862182
505.87199999999996,0.6911667774775669,-0.46467909876604646,-0.6587296799712048,0.010922243202046038,0.020321199513888343,0.000882017873128319,1.0618676802661033
505.912,0.9663073951916828,-0.34319475794132,-0.7664206936079175,0.009483092804170796,0.02449692107330666,0.0006394128256190328,1.2802083047187975
505.952,0.6579923324371699,-0.5155796902336808,-0.9311092422556155,0.013834994327891212,0.014090983114296688,0.002955651052027492,1.251295627556251
505.99199999999996,0.494094410861005,-0.6894101141896506,-0.7549029312068437,0.014559063381812325,0.017971586657280252,0.0038622924663113934,1.135470839755806
506.032,0.9542695176411272,-0.584071111655894,-0.9121050998668869,0.013685312595044824,0.02292903558217673,0.0023710113296417554,1.4435044471608547
506.05199999999996,0.7764228011557956,-0.4114745264191715,-0.7933214847329775,0.011126168157496539,0.02391647837645826,-0.0007071233280667744,1.1838507634771493
506.072,0.5869469234044434,-0.50258803746446,-0.6989201157337076,0.015223349951032385,0.016177504814740753,-0.00235001075532664,1.0419168654329087
506.11199999999997,0.7750193336395956,-0.2793721153499704,-0.7615174453002056,0.008023312157217079,0.0220980917266731,0.006137306986349935,1.1218790335177995
506.152,0.561938900201156,-0.7557334588849781,-0.9567400988865068,0.020342834965254172,0.0168102285271771,0.005490492883334105,1.3424827765207643
506.17199999999997,0.47917422378640034,-0.41956151498743116,-0.7978743156829062,0.008139591858294139,0.01662597353252449,0.0005335428314367981,1.0209031419416406
506.212,0.7689238339478353,-0.1714842483664156,-0.7477560244973286,0.0026313803529364106,0.022866807965104055,0.0025258257655550865,1.086181284143159
506.25199999999995,0.529060378366772,-0.5917162474682794,-0.749515405296487,0.018104872233691793,0.01921027800829658,0.0021761027605529384,1.0916988340436622
506.292,0.9600701517558111,-0.4892121189748515,-0.9265613315335545,0.015722733220651125,0.026282051662178813,-0.002438509112826009,1.4211189586862614
506.332,0.607908143583229,-0.4809401917102849,-0.7427207360338295,0.012789926159995184,0.018059513906529254,-8.30433132949899e-05,1.0735408100169117
506.37199999999996,0.5485856884894266,-0.6616615609658659,-0.7224456839264417,0.014200203903836573,0.012880116841789795,0.001999726886923009,1.1227956381724808
506.392,0.6492558542425587,-0.5042658298173625,-0.8133820682081386,0.008761019423848746,0.01941213349832128,0.00222452825332938,1.1564633933991066
506.412,0.46881017456321156,-0.5552713467153406,-0.6312308653167934,0.0149053895610208,0.014984710295788245,0.008481271983787517,0.9625807257501288
506.452,0.765701894714946,-0.41017942796161655,-0.7213938334417871,0.014759193444177825,0.02556479113845805,0.006993114513145358,1.1291393260447598
506.49199999999996,0.23276490050745466,-0.7196280519929047,-0.554632685409478,0.021510290726159623,0.013023338721433159,0.013943841747711233,0.9379026857024544
506.512,0.6203695152182097,-0.4937584931070402,-0.7297859889349914,0.013352103046477382,0.01799336521544017,0.005195838000907959,1.0776100289869406
506.55199999999996,0.9803366118132473,-0.6449952090504967,-0.8297646354648262,0.013764985197876395,0.02682137142252927,0.0011462486727248135,1.4372153778844865
506.592,0.4063512491999465,-0.45962206616885504,-0.7249753523535825,0.011786927394918253,0.01577110204969131,0.010165493874152704,0.9497173489812036
506.61199999999997,0.8154706448362928,-0.5298662949002113,-0.676053792362981,0.015309609450668175,0.023606383660403938,-3.0545201573676465e-06,1.1843983254080384
506.652,0.7869956701604941,-0.49974665548130753,-0.8129022860658162,0.010919057918877081,0.01787634278172557,0.0015418632154803298,1.2368989575576286
506.69199999999995,0.6693014884075914,-0.44966714192985935,-0.727556625324059,0.007411334425719364,0.018724429943033628,0.0008904248568698063,1.086049567915258
506.73199999999997,0.5926816735541716,-0.5297624424724017,-0.9537525894598013,0.016774073654596593,0.018758278479065336,-0.0017563048979224926,1.2415972831488375
506.75199999999995,0.7811383143656686,-0.3778919769845878,-0.9249097979617225,0.012491129438574496,0.022040286668075275,0.002302083236210718,1.2682419117837702
506.792,0.39099713490274546,-0.5919591708336688,-0.9003850068666038,0.01422999822367237,0.013241234233750647,0.006954477368592573,1.1462929730336893
506.81199999999995,0.6397796067919659,-0.6150541445479596,-0.7631435143022656,0.014380670289915047,0.017933500042484146,0.002561623636405608,1.170468952776671
506.852,0.4658039641562463,-0.4374148742324338,-0.8812767765167665,0.008727523009210808,0.013252193433379604,-0.001876227742139376,1.0885558607858543
506.87199999999996,0.6723781502688893,-0.40018992375241846,-0.7286876027341487,0.004587731317294268,0.02084592203688046,0.008326444777711606,1.0692193294223689
506.93199999999996,0.5807305477908759,-0.4442242751036979,-0.8121287488695774,0.014119293540533701,0.014513947626341995,0.006894592407012187,1.0927654279255736
506.952,1.0172576378603444,-0.40282721577410696,-0.9578333640453457,0.010643819001089683,0.024132748751782833,0.004827840360199882,1.4541415408521792
506.972,0.6606373604693091,-0.44725252086034467,-0.872990423162941,0.009518533949100546,0.019749209671417738,0.0035740740398068622,1.1826194732026019
507.012,0.6439357975388571,-0.61503288441818,-0.771417275733745,0.010966253816411753,0.015146949952232645,0.0034839395201007707,1.1781355497429924
507.032,0.8405645015817562,-0.6121466655872959,-0.6873678262583061,0.01576797094052098,0.019873930196698936,-0.001917391216965801,1.2464937826094842
507.072,0.7718113538358201,-0.49158534610622123,-0.9562182218798558,0.017488048690222472,0.024494285825843176,-2.4627214397436213e-05,1.3235188726540048
507.092,0.7726991080384485,-0.41064899900025364,-0.8555598207874014,0.0126746761804803,0.021728403861477154,0.006592694229534626,1.2237970088577168
507.132,0.6203239541777126,-0.6003652106880019,-0.7498873746099872,0.015839842389935552,0.01534326650998681,0.007231914089154159,1.1434908259057355
507.17199999999997,0.7119890723737184,-0.4758801669865427,-0.7726373505306143,0.006408491759655428,0.02058196862103661,0.00942188506874526,1.1534118292898228
507.19199999999995,0.7332636838727448,-0.5718902014642445,-0.7558256022325167,0.006672756418651466,0.019233791724708817,0.0030202431053120314,1.1983348336786297
507.23199999999997,0.8685911745508719,-0.41860823533915564,-0.7296615684228113,0.01098472412286473,0.025070770667418443,0.0062375434758574445,1.2091689243586532
507.25199999999995,0.814379945611621,-0.24646834490243674,-0.7233149211255397,0.00756853174809347,0.02370262293503055,0.009597633854157218,1.1167568293841679
507.292,0.755358906209349,-0.6317189633809669,-0.6981204299936706,0.016745686993154842,0.0240618477222095,0.005464445912949894,1.207065889112709
507.332,0.7047418361087053,-0.4212276828304614,-0.7312175813365803,0.00457931734952793,0.01796658629544519,0.0017100128201842162,1.0994421165301553
507.37199999999996,0.6480165441734529,-0.5418920842876039,-0.6920978280217334,0.018185081642131,0.015758652722102917,0.0012606627501533085,1.092049392696351
507.392,0.988023574518272,-0.5023598393189944,-0.8175081147410285,0.015334541323303044,0.026461083245268482,0.002350122730483327,1.3772710370990526
507.43199999999996,0.4242445787468648,-0.30060384294154785,-0.8166277091097955,0.010874217662828466,0.016410541797763,0.003406236754608717,0.9681048229779894
507.472,1.0606403990145075,-0.4490983691189915,-0.8082977953845167,0.008701724627533545,0.026442707247092898,-0.00016662158108267085,1.4071221436643166
507.49199999999996,0.6460262621444761,-0.4039675243427919,-0.5186695572005657,0.0038313896282346086,0.017721261571443273,0.0072870830581459115,0.9217145988160534
507.532,0.8693072646889473,-0.5280541487475646,-0.7883978881596053,0.010067871769202026,0.024840973355004646,0.003050429298289755,1.2868984165446082
507.55199999999996,0.3955503258731706,-0.7378219796053604,-0.6958908760859924,0.019458988261302792,0.01575851958828175,0.009867089713967696,1.088625484409985
507.592,0.5308839007860887,-0.3819862353813712,-0.632271392762839,0.010798347745303834,0.013904450192869877,0.002821859853112762,0.9096803362945393
507.61199999999997,0.3178437575536373,-0.5079524925541283,-0.6724318766542983,0.01656564931619196,0.005515947581770106,0.0015035043003454869,0.9006692054514734
507.652,0.7021787089132637,-0.5657827863171528,-0.8820762374908971,0.0053018152554679615,0.016554507402961625,0.0042926487642681345,1.2614371126972588
507.69199999999995,0.7912237511574564,-0.5508186052039007,-0.7193675340482103,0.009039311577016507,0.021685177038160405,0.00531267170496845,1.2028822923615803
507.712,0.3841199384097293,-0.502113962134611,-0.6659277841771831,0.018048926095949137,0.012940047224419592,0.006757723620307228,0.918219130596583
507.75199999999995,0.5502935370719714,-0.3953016504088963,-0.6297001647196524,0.015387320084875774,0.020362060568546995,0.008072502869081186,0.9249911725022762
507.772,0.48847509056559085,-0.794870836645143,-0.7386307050656566,0.018160131454637775,0.010669385898522373,0.01091742364692223,1.1899591923750164
507.81199999999995,0.8558814664465271,-0.6624681339316852,-0.7098701701822182,0.00974493589792804,0.026896462025043855,0.008316024176218195,1.2943387391236185
507.832,0.4677456594598775,-0.699576080967224,-0.6791451422809149,0.015101891195242897,0.015692178700168858,0.009555533174085789,1.081402246755933
507.87199999999996,0.38155665661907645,-0.3713327058222258,-0.7350249282627993,0.00911568584292571,0.010875709792109304,0.005704681419546445,0.9075985377860173
507.912,0.6909189094938947,-0.49996891413219074,-0.5987243303388982,0.012307837272713437,0.022200284807328448,0.002732488198271794,1.042021438519629
507.93199999999996,0.4155380438997303,-0.5100021719767676,-0.6708690619126927,0.012138549139018141,0.012813146135124385,0.006345703251951888,0.9395953275642929
507.972,0.9375156135410995,-0.4382528385350194,-0.7206464405449067,0.007449547291494192,0.022513061265139963,-0.0011276347281015775,1.2610838070435246
507.99199999999996,0.5687801840748571,-0.3591088001801922,-0.721937703924382,0.008563877701723958,0.01320387356531385,0.0037082187652121615,0.9867441798717103
508.032,0.44355783944622373,-0.4491366144848492,-0.6632182115977069,0.012622822654222859,0.012746227200572275,0.007039340055371978,0.9156012514189651
508.05199999999996,0.48323357960937935,-0.37941142637894165,-0.6994338474536045,0.013100389989121894,0.011723371329675915,0.00382279952020185,0.9309540428467721
508.092,0.4030508747334189,-0.21266151503597866,-0.6231799699720315,0.004663125711048463,0.015127033612196814,0.006172742492399388,0.7720286280800175
508.132,0.6594082672534217,-0.17351528393284138,-0.7267138229726148,0.0017043750835191434,0.01736646043901103,0.0010417760064138086,0.9965138218709901
508.152,0.7279276378702888,-0.640193160661348,-0.7967676326798003,0.01143749830202584,0.021357495403237583,0.007307234206359152,1.2548165560826643
508.17199999999997,0.8165715172397766,-0.4342259742304248,-0.8155451150748324,0.009873795401636977,0.02212987414068293,0.001885358279062204,1.233067343735148
508.212,0.6226617435064525,-0.7242113036348853,-0.7163590709145551,0.015525756187914467,0.020704101188432213,0.001128077572127783,1.1938844071435895
508.25199999999995,0.9543846035786985,-0.5913122400739395,-0.799761384223234,0.012160410481112091,0.0281117396525988,0.00022169946284230485,1.3784478258185882
508.272,0.35958612627880127,-0.6985347185583196,-0.47239582291738247,0.017567000421497548,0.013890768974686852,0.00866507362756237,0.9167391934205364
508.31199999999995,0.531173307263574,-0.3683200162946884,-0.7072387859722168,0.008730332618099175,0.016834627164978935,0.0069333322232272504,0.9581186863515907
508.352,0.39738232230810655,-0.4796718958574458,-0.9027459783858812,0.008702013014727821,0.013485191472433048,0.002150920120270133,1.0967899248490305
508.37199999999996,0.6691564162463646,-0.3546127632129056,-0.7620710410809434,0.006830428770894944,0.018051185257302562,0.003424297754870876,1.0743708823731974
508.412,0.6837114089900374,-0.4837967625186872,-0.6809063820660614,0.013627386417668272,0.02159983542405253,0.004543663432194884,1.0794230400287916
508.43199999999996,0.5947336267406214,-0.616376618623566,-0.5642072129005777,0.014338456075902686,0.016359541271129208,0.007986653028079575,1.0256500386832301
508.472,0.5152673358149272,-0.6922311069116407,-0.46297531560900346,0.018995161337575908,0.01481745620445287,0.004158374337220717,0.9793010137833947
508.512,0.770561689416962,-0.46899153837735374,-0.7508208782865871,0.01129874283482135,0.01683084362653834,0.006905007852692974,1.173648316804366
508.532,0.5992225467776794,-0.491923191755117,-0.8015487861583093,0.00749165740789644,0.016144520275106187,0.007125696348077219,1.1151396969640748
508.592,0.7066333172997655,-0.772709035618754,-0.8452313933213249,0.021619572286759342,0.020129411558026392,0.0006091381699713933,1.3456693528132548
508.61199999999997,0.7607281016595302,-0.5268273188009384,-0.8250640759737086,0.011396542254755799,0.0193301637414772,0.0059064109524609235,1.2397519905012646
508.652,0.5710152372274314,-0.6097347102659818,-0.5983779579491458,0.017086179851099382,0.019940828409731555,0.0027468333572274913,1.0275655690068788
508.67199999999997,0.7262725963790367,-0.6197704773009339,-0.9405019395508651,0.01438647911555999,0.025503949628489064,0.005742561575629472,1.3401982044025853
508.712,0.3125218253287592,-0.7043456460079646,-0.7180283007422342,0.01384603432346491,0.010935658643266082,0.005619518720325449,1.0532508348081082
508.73199999999997,0.7020405008888675,-0.4171696230509713,-0.8175834995183395,0.007641588659580363,0.01684068732249181,0.003780616608839376,1.155566587423432
508.772,0.6402189564289616,-0.5018956791001833,-0.659430197925784,0.013555046246890792,0.021960293164108677,0.008392135169055234,1.0471999669627867
508.81199999999995,0.4312780860513346,-0.384472279056119,-0.6342726660539559,0.009485039805415343,0.0137811510697251,-0.00010217081238313274,0.8579752535906275
508.852,0.5212956067326828,-0.523551736522784,-0.5727780510793452,0.00689724256181554,0.016471237796585717,0.007490980220028671,0.9348423536688266
508.87199999999996,0.7227592777897061,-0.47313044905584856,-0.5565689904999414,0.010785693748629767,0.020893186653626026,0.004986710733749663,1.02761979186906
508.912,0.9038329368338254,-0.476976770174997,-0.7469950134843966,0.009009553817478854,0.02422508099285207,0.0005829857142366627,1.2658682266187045
508.93199999999996,0.6063807633688398,-0.3623100055348525,-0.7723716933304203,0.011471549552927795,0.01706009961181059,0.0028533790536866025,1.0466729207123602
508.972,0.772153848127316,-0.4038002402952572,-0.934837079760725,0.010478425107739081,0.023258663574563607,-0.0015417796030893281,1.277965791770613
508.99199999999996,0.6106342129169933,-0.43387504059529547,-0.7361042092761783,0.010463351855243304,0.016317712370978822,0.0012893816835650679,1.0502243092551387
509.05199999999996,0.34602091492389686,-0.6040035259243944,-0.665059526333417,0.016211667758103232,0.010272294581758786,0.0048543579299187975,0.9627330400794918
509.092,0.6213525093683314,-0.35898958866353187,-0.6661719027935552,0.013201994290491013,0.017286179544468955,0.008715512661248008,0.9791514028681776
509.11199999999997,0.4001104571867487,-0.5014192870710001,-0.9173514375087065,0.013930915971957412,0.009966822148621116,0.0024094391046499595,1.1193941840550492
509.132,0.6923475723142603,-0.5732972303159725,-0.7226070000082574,0.016390129594195075,0.025358220195635883,0.008091191595258304,1.1533324549488533
509.17199999999997,0.7472174270714548,-0.4149837832555945,-0.781439117793693,0.010683461851911656,0.02167145055926678,-0.002045185187687803,1.1580986652710539
509.212,0.45382624325792476,-0.5813416132607776,-0.7454490477548027,0.010108579107774249,0.013223265187434505,0.0037988595842077754,1.0486231988549495
509.23199999999997,0.4750297007856977,-0.43523770244106497,-0.4680458396980929,0.009761617229813644,0.014999633980019822,0.004882314933859811,0.7963366011388773
509.25199999999995,0.6488552780671318,-0.41075881185418694,-0.6864263061315886,0.011755135048986625,0.019019185248214554,0.002810932010521874,1.0300082752778716
509.292,0.7079866422322255,-0.37321719279582627,-0.7351145495368988,0.010681272484885792,0.018612623107081224,0.010291143347856229,1.0867058293386007
509.332,0.8033357521442402,-0.6007381550347058,-0.6948098053465963,0.01286069091397331,0.02001429932699838,0.003483082221975028,1.2202439621622512
509.352,0.6274405184670327,-0.4373269677336937,-0.8102688116360681,0.006448754537868543,0.01865807970713281,0.004393101274072152,1.1142136366206672
509.412,0.25787907657171977,-0.7126885245760126,-0.6413726533405671,0.02099669172495997,0.012034529399526043,0.005998259321707461,0.9928672779626369
509.452,0.7814504996382028,-0.5393408324506231,-0.7621620649469877,0.013431604058995017,0.019352347971216977,0.0010313289051693754,1.2175567461837598
509.472,0.8884198184107515,-0.5979981727273558,-0.788078245396887,0.013966244285760066,0.027410577031474124,0.003724099587255169,1.3296461593965836
509.49199999999996,0.7001328751412045,-0.4964786001487481,-0.7981939925017543,0.010077443073680225,0.022538134733034572,0.0029972355165089714,1.1720881762585273
509.532,0.6720067202752208,-0.47979237230240784,-0.5172176487726247,0.00852061065922166,0.01965380323520955,0.006679202235515437,0.9743243037184863
509.572,0.8626066121479321,-0.3067563986408881,-0.6915380955295266,0.011395476219248342,0.022984474047182395,0.00870484844600785,1.1473511201881772
509.592,0.6196749562584278,-0.7086035062652245,-0.7742197317044942,0.021522188825628747,0.02011325587883209,0.0066493844722594255,1.2188240945541868
509.632,0.5416245839204892,-0.35769782368202885,-0.7875884291464075,0.008874904914484531,0.014050128503652469,0.004960022825974804,1.0205882895169867
509.652,0.6464084618506045,-0.6819861731512733,-0.674910784516558,0.01293012404857387,0.019496734331316306,0.009396015950924928,1.1569155574104528
509.69199999999995,0.6101721174019299,-0.29308218927076396,-0.6228734191859987,0.005787980350028295,0.013712864386824055,0.006949144085896084,0.9198796001928488
509.712,0.7881266172235916,-0.36974297721081806,-0.7960885198737557,0.006557134803178077,0.024223779346149048,-0.0005221292205862188,1.1796653616377013
509.75199999999995,0.45941105987630343,-0.6697754603069068,-0.667054003449751,0.017978376357049346,0.019473540002558937,0.004813563069607847,1.05100843606716
509.792,0.7516783895804185,-0.36485340569630476,-0.6415489317686407,0.008722019941680918,0.021341787448201144,0.000309815818068646,1.0534341179513258
509.832,0.8311544818601608,-0.6504836183269399,-0.7592145795947458,0.01380845428953453,0.02093588561656425,0.00010020298127911577,1.300135949928763
509.852,0.7801916982601768,-0.527144821015558,-0.7341791186369184,0.006775110391974413,0.02201628309216572,-0.0002464426760296251,1.193984810037425
509.912,0.6049497514902352,-0.5079355286852271,-0.94034336989039,0.012827235481245092,0.017456446377150447,0.0045741332267246115,1.2280913469386767
509.93199999999996,0.8460375665380742,-0.6530483089056888,-0.7939820132331108,0.016591986642493436,0.025009401796113183,-0.0032671123161294767,1.3314124436462016
509.972,0.8838234057879375,-0.6759562721267671,-0.6620774496958455,0.018954370070338785,0.022991243343974066,0.004526679234515738,1.2947614621395942
510.012,0.6131033708731549,-0.7232624108123312,-0.7327072274681558,0.016667836187819647,0.014919662637089652,-0.0029086149813912416,1.198275485626808
510.032,0.6885822053554291,-0.7337792478052237,-0.9264679857341503,0.014275687585699975,0.021539934442579255,0.003289513507265779,1.3678159110903925
510.072,0.717608379809084,-0.3727323072752954,-0.9282421051358641,0.011752153480009327,0.0211666754608864,0.002873899562134638,1.2310664341968083
510.11199999999997,0.495789335945683,-0.47242820448118444,-0.7091625133529554,0.01060908794615426,0.012698243384572209,-0.0002691673207168556,0.9858534091698713
510.132,0.7532080925220193,-0.5581604422556523,-0.7856774329984648,0.01032654137470695,0.022683148054973144,0.0002685060291637974,1.2231739609159202
510.152,0.6342065993260743,-0.5709130365893664,-0.8925534409802661,0.013968898016550896,0.01643121127179893,0.005803200708508706,1.2348325194058296
510.19199999999995,0.8148145835540637,-0.5913693114457067,-0.7927307415461258,0.014541453481525945,0.025301017648855652,0.0010087608930875569,1.2814298641300748
510.212,0.7647732199868694,-0.373057530906157,-0.731440049323406,0.014647587944401186,0.019392949666669653,0.0023077456158368793,1.1220759979293333
510.25199999999995,0.4490657114122734,-0.45995455834031607,-0.660266258878596,0.010331632552294998,0.013926836838504625,0.004583139876966466,0.921504064840619
510.272,0.51362201719987,-0.5130260141285737,-0.8984993551490772,0.013759451978060033,0.017790534449109895,0.000699826503911179,1.1551209282704658
510.31199999999995,0.7987684168232839,-0.476901982178459,-0.8545424397482402,0.008534439372435983,0.023521916269235648,0.003596746270679694,1.2632138637819779
510.352,0.9396866389609376,-0.452406732282587,-0.744845970656331,0.010770138976113635,0.0239575432790774,0.0014066506185381109,1.2815921156355807
510.37199999999996,0.6988715929245511,-0.5093100665152984,-0.9466016453297501,0.011339918626416992,0.016970086944143918,0.006423993335900724,1.2821360778761774
510.412,0.48661773910620054,-0.5632150007345496,-1.0801830564034585,0.012441014377373683,0.014841947273998787,-0.001463388800419834,1.3117939611106486
510.452,0.6543194262574222,-0.27174497958166455,-0.9340197654224223,0.008500522987798,0.01684578666797257,0.0003870247375069696,1.1723362007996845
510.49199999999996,0.25135176833501227,-0.7281736730046352,-0.6579247359620363,0.01731534163811532,0.00955431502896404,0.007483050631201354,1.013054572909532
510.512,0.6595718647465425,-0.4752865050199867,-0.9406166817682299,0.01019759140756272,0.01915248207514887,-0.0045536109590562715,1.2432586410880162
510.55199999999996,0.9394837654559268,-0.3843340002448002,-0.7568669384855946,0.009628384439419383,0.021062875139407758,0.0007315575989690456,1.2661713674980863
510.592,0.9686075148987936,-0.6587012277908544,-0.9807800365374044,0.016293724451402657,0.02539125957949907,0.001959820000783359,1.5277490976864978
510.61199999999997,0.8307918153010387,-0.4404277903055163,-0.8120625837416223,0.008439744828772104,0.02376106676581507,-0.001298466160189955,1.242432017761018
510.652,0.744412580946968,-0.22783736956691653,-0.77430299699455,0.013295094387250392,0.020126887752553394,0.0003519881264585859,1.0980004958095602
510.69199999999995,0.8298620016960256,-0.6532038740748406,-0.813034104282701,0.011639078109354831,0.02506972334842035,0.0022943687144873362,1.3328055738524238
510.73199999999997,0.5783315022147316,-0.43341819539422344,-0.773182702743368,0.009877809191818503,0.016208190146181967,0.006367244537438094,1.05836201291159
510.75199999999995,0.5504417134438313,-0.8811276513073745,-0.5757393746210314,0.019103900647248935,0.018150407488875954,0.004716087784922679,1.1877911623204003
510.81199999999995,0.1893157465427815,-0.6018229438860554,-0.6369832045987847,0.015171479287796656,0.006771647361843806,0.009883078346766798,0.8965371774877303
510.832,0.5792472605381872,-0.45265276107893393,-0.5600410095346935,0.009378853452736449,0.017426631508829983,0.006975830267472499,0.9241579103778832
510.852,0.09922317280120979,-0.6259524650880793,-0.5300660068317893,0.012556461460131894,0.008863336511614646,0.010048801135145703,0.8262152856061067
510.892,0.48532914239965125,-0.4228601391934822,-0.9077973140786905,0.007445726738766719,0.015069500408496278,0.008284947067159909,1.1128571504149114
510.912,0.6355874269323857,-0.40149209733868857,-0.8147696725820074,0.008770282639108683,0.016585066787182395,0.0027248735002660413,1.1086103467221209
510.952,0.38001759887093345,-0.5504411724188067,-0.6900936465687305,0.015852914547238146,0.010524939173604609,0.009920921604666233,0.9610557219953212
510.99199999999996,0.476201853994456,-0.4078531019542367,-0.7572006107488837,0.008356630588184942,0.01448459536885359,0.006597534459240747,0.9830895805774429
511.012,0.6803698922306174,-0.5325901826300183,-0.8023745836258503,0.010445411938102575,0.021215108550139035,0.002338512647693442,1.1791354736994961
511.032,0.6087112001829421,-0.5582784927605212,-0.6610861540464896,0.01360052665719497,0.014362308234175815,0.0052387267587661445,1.0579409736743806
511.072,0.5422030928363921,-0.27230279290787207,-0.7762517742164682,0.005778322561912422,0.012966780450094143,0.0004486297265259521,0.9852409968535574
511.11199999999997,0.8940708838512231,-0.3351446223936111,-0.8161301297984387,0.01228852382003808,0.02386270776008555,0.003180725472233542,1.2560864030928285
511.152,0.9740843879113534,-0.3953863530351428,-0.9385956929080911,0.007891892136796556,0.024543185545115767,0.000851202120538858,1.4093021811111648
511.19199999999995,1.2126068256922025,-0.4279495292547111,-0.6502315708622819,0.009548006843085063,0.030426513063537556,-0.004116631244824833,1.4409570462198653
511.212,0.6882242546415572,-0.6878014830476353,-0.7034773253998016,0.01487028724613065,0.017415456316765224,0.0036148368093050632,1.2006680857385656
511.25199999999995,1.0815559953695393,-0.3882388412635497,-0.9148288061341632,0.010547902516745856,0.02462767475040405,-0.0004961097557637892,1.4688105778208151
511.272,0.4960785232635995,-0.4172405685795405,-0.7761727312943442,0.017025905089328296,0.01391029109809679,0.007891866854210004,1.011250563469259
511.31199999999995,0.825616545953995,-0.23468439569080984,-0.6735863196039987,0.007428656705516459,0.018826522793716046,0.0074726667437491155,1.0910719391916492
511.352,0.3580682039172639,-0.6243371449149753,-0.7286493881359991,0.014789304856591325,0.01125713774935521,0.005881883019277044,1.0241775432062958
511.37199999999996,0.47213681852007167,-0.7176577863607955,-0.7462100195950728,0.016656660027587693,0.013297712815493988,0.003356929772316391,1.1378819214095157
511.412,0.768411228239557,-0.4908239674668187,-0.8001517712701816,0.014807990023301442,0.02365463072446046,0.002134053383227027,1.2130980338749635
511.43199999999996,0.35672561722976337,-0.495266837502792,-0.8510174868011633,0.016871611529142017,0.009468898524756152,0.004242679359054846,1.0472693871012084
511.472,0.36525532010817957,-0.5445380387296876,-0.774391036917608,0.012137746698354898,0.013945466928005943,0.002908592170804328,1.014699267048731
511.49199999999996,0.8948883855212625,-0.46091918263465675,-0.7359190558307809,0.013168914157696852,0.02359277627166097,0.006842780666536775,1.246935672838146
511.532,0.4820036334984764,-0.47912365597616313,-0.6067097973277575,0.01147637033960636,0.010825819543316467,0.0004282607924473385,0.9110344442419216
511.572,1.0371983760485721,-0.505753529449295,-0.8091654266344696,0.011433458380078053,0.027639002089797887,0.0021376140658309014,1.4093671599298592
511.61199999999997,0.5197543728897764,-0.22292559841442527,-0.5615919581866085,0.011517953410690295,0.014674222371158627,0.0075450755779819,0.7970106386155356
511.632,1.1340329641052276,-0.5378338255072378,-0.9987308198866266,0.014786368865745957,0.03158796252878984,-0.0009349770494340056,1.6039823060521745
511.652,0.8111458861137881,-0.45719474061810234,-0.8843806341171887,0.011229624203377015,0.01982911826672513,0.0031737800199782506,1.2841782529733545
511.69199999999995,0.9267349719141527,-0.39172340210449474,-0.8218806706814172,0.00829686904581539,0.019656744774447475,-0.0017929975398477014,1.2991430901809011
511.73199999999997,0.4454077122096175,-0.49527571656858316,-0.7816081668461109,0.012417286232690311,0.013269469297269802,0.004655528975773867,1.0269359239986042
511.75199999999995,0.6317858375649545,-0.1620339239436715,-0.7787817419530444,0.010174291916203502,0.01501597479560074,0.0018762973410622876,1.0158293846191164
511.792,0.2762273499869161,-0.4256844262115787,-0.8216339883623754,0.009972453892320873,0.00939769366023027,0.011157936224971394,0.9657076112530849
511.81199999999995,0.7417143604398228,-0.5254421001704138,-0.5627189286204312,0.01500574498076481,0.017980400660474925,0.0005590631831532865,1.0690566803223656
511.852,0.6919892599530703,-0.5478235208094789,-0.7977251093156816,0.01389520962938064,0.020673328284200237,-0.000977586022143985,1.1896743654778847
511.87199999999996,0.5832987270775344,-0.5180905146221753,-0.6686759964408916,0.015065672849877277,0.014337555818587606,0.0032893470199349393,1.0275129072512723
511.912,0.39478977277325084,-0.37611493498110504,-0.7109624626729241,0.01192544484487282,0.011191032504363081,0.0011618607111480296,0.8959849509518254
511.93199999999996,0.3752415292259857,-0.6672700446526677,-0.5994896874665046,0.021465345881566174,0.015554781090525478,0.00917368247957139,0.9723391399739685
511.972,0.5236628346851373,-0.5951526425349687,-0.6559403972931699,0.015726728761679798,0.01788484547427498,0.0054072730520584944,1.0289252825875896
512.012,0.7435163331302234,-0.5236515409888307,-0.7087424940108046,0.008547617030795727,0.014965062191760841,0.00669201163339913,1.1529715507453102
512.0319999999999,0.7755665887537098,-0.5596252826435768,-0.7245961976069751,0.010362806528194242,0.020876487048315483,0.004450229805544893,1.1998848445377814
512.072,0.5693030440062278,-0.48158606020959177,-0.8617991487444319,0.013771523245908388,0.017396357095608023,0.007626822726441608,1.1396178579153544
512.092,0.8712761616818103,-0.32718987762412066,-0.9958814925767979,0.010195810528922758,0.025389097859235203,0.0003357149165069966,1.363068345018571
512.132,0.9725375389272928,-0.36398448664839267,-0.8176008854677577,0.003808750947229433,0.02311039689548474,0.001635046855224196,1.3216600088756225
512.1519999999999,0.6332213681835199,-0.7302846088542896,-0.9644202951581607,0.015547468632765297,0.016751019885235932,0.004943654565706911,1.3654271920416063
512.192,0.49377253992148123,-0.4465165412934727,-0.8146601213066534,0.008915882403707259,0.014149450217253378,0.0030832793556063564,1.0520738833734862
512.212,0.42750766076862695,-0.6205054765250915,-0.8827051910943502,0.010990729100537945,0.010393570819561146,0.004643365598739283,1.1605853268064386
512.2719999999999,0.9319498450336701,-0.3776550022262916,-0.7734472979978853,0.010832645628808793,0.02121502856659698,0.008268922178711224,1.2686112632107014
512.292,0.7194245572838343,-0.48018161952096833,-0.9748095527227157,0.009552443873272788,0.019677140862642,0.0067311254086503515,1.3032266669418187
512.332,0.7383114296271326,-0.417943101204199,-0.6887975338790959,0.011167977090193357,0.01601387632105424,0.006555099133600816,1.0928047609889737
512.352,0.5355291314879861,-0.4062615307014453,-0.7836220449103543,0.009567572134444738,0.011595694088976259,0.006582363729648198,1.0324259737480665
512.3919999999999,0.6245463278298419,-0.4405982368690701,-0.6922328904376167,0.01315192324361073,0.020260256081505938,0.007359018500623296,1.0311989606964753
512.432,0.6614114582564008,-0.31090754104165197,-0.8180891734945006,0.008082432259100688,0.02150744313119504,0.00573887413167478,1.096995219669776
512.452,1.0222464288520905,-0.2201052459959742,-0.867749860869981,0.0008333309478920534,0.02506121802433382,0.0013621616307951943,1.3588318150734002
512.492,0.40493571099734244,-0.4860640543957059,-0.7874770400702749,0.011332459254289683,0.010879475066225995,0.005755435971835422,1.0101243901888304
512.512,0.6485285653698903,-0.4808546846673921,-0.5989829285584655,0.012362931531280812,0.021468087450441247,0.005815715364895982,1.0052815906858044
512.552,0.409912159499593,-0.5798991736213757,-0.7736874423204705,0.014935010438522082,0.014408896631834624,0.009042569888604402,1.0501920245730139
512.592,0.6245225049078054,-0.7436732770143866,-0.7576376867422443,0.016866853055442072,0.019262621860090572,0.007818271199556895,1.2317033597639389
512.612,0.6618802075402127,-0.7542457719821978,-0.9175471548595228,0.01277464163371506,0.020067069098823023,-0.001081480822465973,1.3597297066245562
512.6519999999999,0.6794951564260543,-0.37717305738858725,-0.9185109438544053,0.00903316298339232,0.019754079693018692,-0.0034638023703579377,1.2031772674076888
512.692,0.7618565360196734,-0.39302181539998354,-0.7860246807303782,0.008916797937643635,0.017860166886855273,0.004203390486458894,1.1630676367148591
512.712,0.6387370065230669,-0.26004406286739806,-0.8679370068604673,0.0016496374711990126,0.020236875266649478,0.007042347823902084,1.1085677814245454
512.752,0.28458121834612227,-0.4604346935058391,-0.7105006415786034,0.012480772082899147,0.009180918014851339,0.007798296958793053,0.8931952409763424
512.7719999999999,0.687133828058694,-0.3470433245008187,-0.9022641548104097,0.008194114609083286,0.01797283754807095,0.00374487194905136,1.1860322810947932
512.812,0.5403942059320165,-0.542394710605799,-0.8141455008982516,0.013896079223264858,0.015597911319315818,0.00023485148649292643,1.1176094203839317
512.832,0.5864075201728103,-0.3349115985898362,-0.8432183683379727,0.011961192223036002,0.012857013734261893,0.00345624090644195,1.0803040198424596
512.872,0.6872139213380328,-0.5653416567458952,-0.8816770971567817,0.01469542857635462,0.016583526601655026,-0.0005022837461992598,1.2526885750990941
512.8919999999999,0.7204273190134853,-0.4298825306018389,-0.8288693621570261,0.007586897763845651,0.019503383933122155,0.008648399167415471,1.1793383448443429
512.932,0.32497854291048084,-0.5612137117402245,-0.8769156939088246,0.014609024155859348,0.011916475920849325,0.012592883923508416,1.0906663182756926
512.952,0.7209630655540642,-0.41443048878373023,-0.8834210485000704,0.008702037880577334,0.02137450611973029,0.004174319146981366,1.213248993759978
512.992,0.7532612165402767,-0.37284923441167617,-1.0233941966027087,0.011567751024786488,0.018714487615359727,0.0007196404577293519,1.324294035924505
513.0319999999999,0.8659489258185059,-0.2952300691681069,-0.9809891745999395,0.01107805836423064,0.023893464909820895,0.004806771364485469,1.3414052693162868
513.052,0.9858742476527355,-0.33291872835468944,-0.8055434311322384,0.005888971575652957,0.022619059651976456,-0.001123828156155513,1.3159343187691588
513.092,0.8021675921904972,-0.5186641969778266,-1.0212333959377895,0.011182239509230656,0.02095593801744566,0.001495489648768025,1.3983572662828279
513.112,0.9531817318896176,-0.5915583505580092,-1.0003196717143426,0.01703839767353652,0.019058157397382838,-0.0034879131851516644,1.5030422953934774
513.1519999999999,0.9105669970203547,-0.3979318500871657,-0.8049562029196177,0.013919204889330204,0.02563391008583128,0.006450189737894458,1.2788418596508442
513.192,0.6835188921962557,-0.5748309472448544,-0.7993164716853325,0.010652595357442741,0.01747030733437415,0.0014999952930414456,1.1985555956262948
513.212,0.7170823975881344,-0.45200950179683674,-0.833047718188749,0.012741712219078525,0.019786270321262792,0.0110384876785592,1.188481491410301
513.252,0.5464112012923605,-0.5571902282968771,-0.9180408874020347,0.011728896310096104,0.016808075915860088,0.003404783139427163,1.2049171018577178
513.292,0.733278048311997,-0.5902981207682261,-0.8619671389566403,0.01708358208687641,0.020108377566319453,-0.00044676113846859515,1.2763760872720262
513.332,0.9215861506308847,-0.30955203449827523,-1.0116572571077838,0.008862265752841943,0.02138410853268975,0.0031700420034748602,1.4030658933049145
513.352,0.591478369678922,-0.44635323715713743,-0.8598198601327359,0.00959564836556715,0.015517789962259772,0.003868578894259573,1.135063022918714
513.3919999999999,0.6137819236867879,-0.4762652008996512,-0.7592308661316894,0.00607926548330991,0.01617399185385018,0.008610295749423154,1.086272663524087
513.432,0.8823692746789459,-0.446813797353959,-0.7973641355334536,0.012244208675633798,0.02199794748410025,-0.002208356738222279,1.2704360161134938
513.472,0.7587952890571407,-0.48831493572707335,-0.9052827377175817,0.01684190160609249,0.022810414884452037,0.0022631516457491457,1.278185668187093
513.492,0.9634469411010383,-0.32386279673497453,-0.9604413042147715,0.007732120208782378,0.02433866535301028,0.00020142427831679904,1.3984150379153244
513.5319999999999,1.0003806812556473,-0.41808589047107325,-0.9987090589346042,0.0075741003747678975,0.023787302248887806,0.0028251769156137935,1.4741021347378023
513.572,0.6050583063596197,-0.44517231168510957,-0.7983597965132778,0.007531603124405963,0.017576793197509433,0.005245516988106952,1.096199026579826
513.592,1.0492823368803879,-0.4612945832260984,-0.7277374253409389,0.010323096804542228,0.027067778017106654,0.005551116417935837,1.3577142097086434
513.612,0.5239000202650258,-0.498493457406317,-0.9347520457502372,0.013665583280872607,0.015563036292635349,0.004188235822367755,1.1818326215436987
513.6519999999999,0.7073963082912085,-0.6409806495093016,-1.154598913761376,0.012194325066009148,0.01795070612836662,0.004685168354761201,1.4981202827838445
513.692,0.5576625344309587,-0.2986101030562911,-1.0263215704299238,0.0040953710228182885,0.01452043825630112,0.005117603519928649,1.2056083368511492
513.712,1.3199417903635922,-0.6375356943233724,-1.116685151954055,0.010688379041398086,0.031161851386364212,-0.0029037509777016194,1.8427381311730868
513.752,0.9857582673396763,-0.7151917735101306,-1.135262019854726,0.019202176608267275,0.02285178745508472,-0.001196338547492083,1.664943989523287
513.7719999999999,0.8658401372054711,-0.6879624105747552,-0.9406995862049603,0.02032631239230374,0.02445270595135723,0.0017034418196981082,1.4518564436768535
513.812,0.5975057760449765,-0.5930027254771325,-1.0625686417216929,0.017349123755459214,0.019358913863336772,0.008401891504314188,1.3556243960628254
513.852,0.7338434462799608,-0.3594895093242944,-0.943673585196523,0.00676244228547066,0.019758800532058154,0.010888174647263226,1.2483103565860258
513.872,0.6925884142104812,-0.3824064398288293,-1.0390162297783163,0.008785205377984271,0.017571601716162545,-0.0030355477778059945,1.3059357267736786
513.9119999999999,1.00373533757192,-0.3013366538690966,-1.1111815703999959,0.007775606352983018,0.02451079876543939,-0.0014087573938288932,1.52742033810351
513.932,0.9181130394322816,-0.333517205257618,-1.0902027928837266,0.011588832985797147,0.024391681912245226,-0.0019272234948698797,1.4637989646771554
513.972,0.7952415964198916,-0.3706510969934883,-1.0174589455015104,0.00942563863612418,0.01959507402987571,0.009040728460726033,1.34350814592245
514.012,0.5873998382315527,-0.586007017345386,-1.0319827279300342,0.011071438478836178,0.01521592335723743,0.001975464647693788,1.3241718714269703
514.0319999999999,0.5394978664974233,-0.4947618923897353,-0.9152896068483936,0.008702659585447125,0.013354794659610985,0.005423655504252666,1.1720078252814825
514.072,0.9469760219929159,-0.4313311386953256,-1.0732941243434133,0.0071389210231619276,0.022346346433722127,0.008678416350687383,1.4949148520192808
514.092,0.7808304031056389,-0.5212811570686735,-1.0022917458401848,0.012802475094026251,0.02452238759890598,0.0037527312286939766,1.3733240356552183
514.132,0.9184259401544784,-0.44123687139482676,-0.9542203785328359,0.014632053035854771,0.02154101689835956,0.006470796614225751,1.3959701698225078
514.1519999999999,0.5760606527526473,-0.4202936581081439,-1.0384086933333883,0.005712541201552533,0.01743757413507935,0.006281331910826197,1.2596766446537326
514.192,0.853392089314204,-0.468741820543366,-0.9558142562182652,0.007021010036106647,0.023186334912399534,0.0033515473918823762,1.364396513049065
514.212,0.9014534781765692,-0.49423739891701046,-0.8643908940714734,0.010597886388388636,0.02708400438009632,0.0036332727883518906,1.3431532293668387
514.252,0.6916943338893792,-0.2290236311116547,-0.8949919666939425,0.009010823153564902,0.02163102222675604,0.005700996041139944,1.154081234397705
514.2719999999999,0.9517584224371929,-0.3686054265253,-1.041727832338396,0.01206812769151535,0.022669068371638915,0.0013232895580909303,1.4583932706278118
514.312,0.7151818134320505,-0.5709798812625191,-0.9305717183870418,0.01640708641249645,0.018020134672966242,0.005592499928543289,1.3051692511442063
514.352,0.7213373916133373,-0.48502150978760084,-0.9642438322743256,0.010147599595392773,0.019988849850674697,0.002835007142476636,1.2982063262730061
514.372,0.7898640763995046,-0.6024187665024189,-0.957908600271135,0.013612458469964969,0.020211536928042426,0.0031300583185450656,1.3799936651644975
514.4119999999999,1.0032756022265497,-0.30555783001770204,-0.99171665191835,0.009974624636192779,0.022258758936686628,0.0017544704684085695,1.4434089646390293
514.452,0.5157906059206674,-0.6017582768282064,-1.1259155600090602,0.018889431665373813,0.012911155847415118,0.008550957166467713,1.3768946296495521
514.492,0.6804868037501172,-0.3999071987073991,-0.9739835074746713,0.009961545762832693,0.015700702525003104,0.0002587835340430812,1.2536474506370252
514.512,0.6744910244223498,-0.22361225204322693,-0.9086331655645038,0.0019284504071008632,0.016745095199065196,0.000905678276825458,1.153496775398148
514.552,0.8508293822654003,-0.5449415130909875,-0.9996358814077513,0.011140663225583713,0.023430574944215014,0.0039134232618345125,1.421317623127874
514.592,0.7027634266948058,-0.6313208127072243,-1.1408985578552486,0.016720691187252584,0.020193181280220376,0.002782833668602893,1.4812467457426943
514.612,0.802446549221784,-0.48415141512021703,-0.9824784815801487,0.012196930182101681,0.024385475490608613,0.00404627563966047,1.3577875474052974
514.6519999999999,0.5758959172110973,-0.4805139724013576,-0.9862457974262354,0.0105897475501651,0.016389427846123256,0.005805138587667236,1.2390442115091191
514.672,0.44472530119998055,-0.6381297049007663,-1.0425396326802936,0.015124483040868136,0.015484616276242593,0.006946315412959018,1.3007224913536761
514.712,0.8938489433372175,-0.3892412005624786,-0.9748624479430092,0.010335657515083597,0.026074353990798195,0.0049791944555230856,1.378706436530205
514.752,0.8576623805580545,-0.48298214788860927,-0.8847774535008905,0.013913553669566045,0.025011512866483124,0.0006914494887134209,1.3235133759910114
514.7719999999999,0.5642706409240528,-0.37573252700051607,-0.9215552727191503,0.010254817521808594,0.017986307815363874,0.008827401492715376,1.1440456322767472
514.812,0.7290373225799108,-0.2760894982532281,-0.9739078113918649,0.0053128277753413215,0.023664926051958943,0.006684464784223824,1.2474843701827676
514.832,0.6095833911828186,-0.4242677337126164,-1.1228173538774031,0.009172634044527932,0.01816796787587557,0.003145310695535783,1.3462220585192617
514.872,0.7064245142689258,-0.49735371943278567,-0.8614431117112227,0.010042730129219036,0.023873852757991653,0.007951187538349917,1.2200330123846765
514.8919999999999,0.5631668507550267,-0.43481550877062963,-0.6312623682739208,0.013823381696481512,0.019869886945112773,0.006871538443472343,0.951164342296112
514.952,0.8728619341920254,-0.2569240802425742,-0.8350647887489732,0.005590913413320601,0.021538251974995273,0.006732737819893591,1.2350024860615882
514.972,0.899819164569635,-0.7543748521811768,-0.783097910051191,0.020340376416251648,0.021780327293487636,0.008998738114399257,1.4113816929720717
515.012,0.5785314379700972,-0.5209392563271737,-0.5647163358133898,0.016030671213767632,0.013935769252934091,0.009356617533127914,0.9617592596055202
515.0319999999999,0.6343693304995682,-0.3027207673873204,-0.7128499539517664,0.003991108807301452,0.0156333980399536,0.006674028700061706,1.0011090686509008
515.072,0.6954462035424741,-0.5349416489217831,-0.6236635223613032,0.011430939590762244,0.019481862346238384,0.009216540573317845,1.0764590929974553
515.112,0.7353529560458305,-0.6820320583088081,-0.7733160271841145,0.015869369040622344,0.020781400937816344,0.004213197859902454,1.2664633340235765
515.132,0.6410302446542608,-0.10941682663279417,-0.7124172113809163,0.0035321813634974597,0.01662343396392273,0.007146536583065161,0.9645880465689245
515.172,0.7798961106514976,-0.3771734361802196,-0.8024933337634328,0.013790875725279162,0.021844274830729857,0.0024059372460258272,1.1808866563324676
515.192,0.48426444353338044,-0.38198341324921614,-0.8615391254539149,0.00510745548450191,0.01891355853616566,0.0025433782257542727,1.059562666365757
515.232,0.7353868779841144,-0.7157031409296895,-0.7229153372151891,0.017229549007842248,0.022950379365838703,0.0014532432683702786,1.2552415827356884
515.2719999999999,0.8332384617593126,-0.7032327121596544,-0.5618374274122635,0.01381346775363905,0.02217023082441326,0.004432979953937487,1.2265740403447642
515.292,0.6940789570066213,-0.430853418531686,-0.6379750767755904,0.012264521674118168,0.02255453817515651,0.007332359549361565,1.036529047063641
515.332,0.6528343563964608,-0.47799121910729203,-0.755080909284284,0.013731479341247023,0.017943053232259996,0.008306750405140456,1.106713821184518
515.352,0.7310486721943666,-0.7528066270579696,-0.7567198437037881,0.0172577992695811,0.023321628477541836,0.005906864932190187,1.2937445268346563
515.3919999999999,0.2575583216998175,-0.6432901598767918,-0.7844999691458733,0.011144255223607596,0.011813908334923282,0.0078348553803436,1.04670851743024
515.432,0.42677402382030916,-0.5608080531548555,-0.8248565510627043,0.009891445671366303,0.010286834111803998,0.0071852765414383655,1.0849101666599759
515.472,0.4307493343572596,-0.5330299230148683,-0.7063003561963238,0.016019664545822956,0.012262829906655509,0.01130189175725443,0.9841372267328945
515.492,0.7781268359169348,-0.7067005389054114,-0.6930812058818592,0.019140971297314492,0.02215673831276544,0.011178330633724606,1.2590744943846457
515.5319999999999,0.4269704547490487,-0.6452098696773864,-0.6201449686188564,0.014229096963817196,0.009834708057628044,0.004837714745340721,0.9915539961398984
515.572,0.6456863209502036,-0.8021274772930079,-0.6628110808415099,0.01866585647005307,0.019353368741400267,0.005863386795287934,1.2245970128074561
515.592,0.6745096289273497,-0.40678411478664966,-0.8249624856939438,0.006850998234936371,0.01634271025156013,0.008851551953733529,1.140613720047589
515.632,0.2750292159326231,-0.7501165994982595,-0.6330809740372503,0.023219466604936883,0.0105411628825991,0.01357462690120718,1.0193662257242484
515.6519999999999,0.5891093750864858,-0.4979582311611934,-0.8048941179504803,0.020087359553577346,0.018018493658952563,0.0034113574746787666,1.1148393592384762
515.692,0.3907512450779031,-0.8530896308144055,-0.7545169039644998,0.02025874919728163,0.01535247536421792,0.010463311816445086,1.2040532430508064
515.712,0.6230447288937414,-0.49590156409303676,-0.6913418948121384,0.006027438580276342,0.015291601787325783,0.0047464073393206395,1.0545409954073068
515.752,0.160212049586988,-0.4553457448831564,-0.6824984855879596,0.010670207540417871,0.005179512925296901,0.0057882458783800736,0.8359496582007305
515.792,0.6871023003134129,-0.36168723198662717,-0.8948422699797322,0.011130086554752713,0.0203278169270056,0.005063085540241863,1.184765762934012
515.812,0.7555345652774489,-0.3943931375236581,-0.8402115978003298,0.011506301411824967,0.020746458984788115,0.002508809373794449,1.196801552193563
515.852,0.918546660243652,-0.4112547042841457,-0.844321676670817,0.008438741997392458,0.023843659566564285,-0.0003623420518652471,1.3136732822649728
515.872,0.9281737679225431,-0.5357704615685847,-0.6868371104764766,0.0073711234561596155,0.025277262969295746,0.0033090552213549266,1.2729107381417681
515.9119999999999,0.5164696496678187,-0.4450884981910642,-0.697413359367211,0.006021388347197335,0.01529474251528837,0.007567835331813905,0.9753102399102734
515.932,0.70655409477257,-0.5210934139280827,-0.5202926248741926,0.01651917339953294,0.021271343506799496,0.008262454464446012,1.0205201861685966
515.972,0.576479996654436,-0.5464424351296496,-1.0204527313055471,0.020161233130081314,0.02013908093595051,0.0031163768187357876,1.2931559450747119
516.012,0.877087061591297,-0.3850642372971188,-0.8182571263530264,0.009309547827081054,0.02281288288376084,0.0057611675937780365,1.2598019309731114
516.0319999999999,0.7816902989623692,-0.5519419321194717,-0.6682825751935872,0.009747926943866411,0.01990957223600358,0.004521727163380396,1.167168034273997
516.072,0.21585648962568882,-0.7445306194537452,-0.6335128650381332,0.014028408519363749,0.011344081566279295,0.014040627901592334,1.0011285719559335
516.092,0.33598735881097685,-0.5047789199175167,-0.8192264690130064,0.014036728315944139,0.007846588382065575,0.00800430847247812,1.0192258193380843
516.132,0.5858072999649603,-0.3905897557595584,-0.799051256144827,0.013326104830774961,0.018065100568225245,0.0025387728134508426,1.0649945821191646
516.1519999999999,0.8037055193284474,-0.3764378526891488,-0.7833034013020405,0.009890634298743855,0.022541886741640493,0.007363044149696147,1.1837281095030108
516.192,0.5676804147262505,-0.37759844210040544,-0.8039941873721969,0.004166548666732112,0.015341160417553398,0.008217115140203068,1.0541576210741448
516.232,0.7154845652433819,-0.31644817751539733,-0.8938859618473877,0.006282290714303889,0.016880644640409122,0.004969131952340529,1.187892977057343
516.252,0.4438836506332935,-0.5822510613860084,-0.8685279092725887,0.01785174904363652,0.010471841697011689,0.009729761080216677,1.1359532221751418
516.292,0.7261964447036665,-0.4041481245973691,-0.9203506049021515,0.01366621164158603,0.020458219492475078,0.0028023384383530224,1.2400573449883565
516.332,0.6623356239370815,-0.6128676955430692,-0.7672185642575335,0.012958030011998611,0.02286118963776175,0.004483008087802632,1.1844490771315526
516.352,0.5352642814567292,-0.6398299537353601,-0.7787451411926185,0.010835927679118094,0.015092632748648083,0.004218666158027597,1.1411985872894748
516.372,0.5125382337290241,-0.4651347132086529,-0.7146500802081817,0.007646702477692346,0.01597082667635383,0.0029695064368657075,0.9948720920838638
516.4119999999999,0.6045467691841796,-0.31845134069931735,-0.7554873815059792,0.010362009455515873,0.014964315489973606,0.006238100342083858,1.0186506938784183
516.472,0.7886981626701863,-0.43825967386440257,-0.8766062677509664,0.014426606392454973,0.021752884338496332,0.0027642735643491276,1.2579963760660597
516.492,0.5005143555331331,-0.6343617419697101,-0.9323423936081188,0.01414156466481256,0.012177846412790915,0.011306693738920917,1.233771364025162
